[{"@type":"fileRecord","id":"@6","name":"response","type":"XSD","size":4665,"attachTime":1585321794000},{"@type":"fileRecord","id":"@5","name":"request","type":"XSD","size":4649,"attachTime":1585321794000},{"@type":"fileRecord","id":"@4","name":"metadata","type":"JSON","size":3733,"attachTime":1585321794000},{"@type":"fileRecord","id":"@3","name":"fault","type":"XSD","size":4524,"attachTime":1585321794000},{"@type":"fileRecord","id":"@2","name":"extension","type":"XML","size":15311,"attachTime":1585321794000}]