[{"@type":"mappingTemplate","id":"@1","name":"m_CHECK_TB_DIS_IICS_APIMON","description":"","bundleVersion":"0","templateId":"@3","deployTime":1585321796000,"hasParameters":false,"valid":true,"fixedConnection":true,"hasParametersDeployed":false,"fixedConnectionDeployed":true,"tasks":1,"mappingPreviewFileRecordId":"@2","documentType":"","references":[{"@type":"reference","refObjectId":"@aTx8dAxwS4CjwZcBBHI0em","refType":"connection"},{"@type":"reference","refObjectId":"@loDBfmMRwaRkNqG4KAXTAh","refType":"businessService"},{"@type":"reference","refObjectId":"@loDBfmMRwaRkNqG4KAXTAh@p-WS-CMD-SHELL","refType":"businessOperation"}]}]