[{"@type":"mappingTemplate","id":"@1","name":"m_Build_Dynamic_Param_File","description":"This mapping reads table W_ETL_MAP_PARAMS.  Also this table reads table REF_JOB_RUN_LOG for retrieving last update date","bundleVersion":"0","templateId":"@3","deployTime":1603199572000,"hasParameters":true,"valid":true,"fixedConnection":true,"hasParametersDeployed":true,"fixedConnectionDeployed":true,"tasks":1,"mappingPreviewFileRecordId":"@2","documentType":"","references":[{"@type":"reference","refObjectId":"@3C95yaYL8AqjMNdTE3NG07","refType":"connection"}]}]