[{"@type":"mappingTemplate","id":"@1","name":"m_OTIMIX_CustoOleoSoja_aux","description":"","bundleVersion":"0","templateId":"@3","deployTime":1550223944000,"hasParameters":true,"valid":true,"fixedConnection":true,"hasParametersDeployed":true,"fixedConnectionDeployed":true,"tasks":0,"mappingPreviewFileRecordId":"@2","references":[{"@type":"reference","refObjectId":"@gccvLClDNSbkvA4dgcvAsv@CustoOleoSoja","refType":"businessOperation"},{"@type":"reference","refObjectId":"@5wNokQ2QFQngCSrJ7gn7sV","refType":"connection"},{"@type":"reference","refObjectId":"@1MV6UUF9wQbdVKst1AtT4n","refType":"connection"},{"@type":"reference","refObjectId":"@gccvLClDNSbkvA4dgcvAsv","refType":"businessService"},{"@type":"reference","refObjectId":"@7oy7To2MQfRgleT0EAn3aC","refType":"customFunc"}]}]