[{"@type":"mtTask","id":"@1","name":"mt_Build_Dynamic_Param_File_DiDP_ItemXref_Extract","description":"","runtimeEnvironmentId":"@aMNJrRRKXKlh6kYjdC8JGn","maxLogs":10,"verbose":false,"mappingId":"@aW8QNMXT2ePe1iz9InW5o0","shortDescription":"","sessionPropertiesList":[{"name":"Stop on errors","value":"1","recommended":false}],"enableCrossSchemaPushdown":true,"enableParallelRun":false,"autoTunedApplied":false,"autoTunedAppliedType":"NONE","parameterFileName":"Param_Global_Database_Name.txt","parameterFileDir":"/opt/ics_agent/apps/Data_Integration_Server/data/userparameters","paramFileType":"PARAM_FILE_LOCAL","parameterFileEncoding":"UTF-8","serverlessProperties":{},"parameters":[{"@type":"mtTaskParameter","id":130504663,"name":"$src_REF_JOB_RUN_LOG$","type":"SOURCE","label":"src_REF_JOB_RUN_LOG","uiProperties":{"connectionParameterized":"false","objectParameterized":"false","visible":"false"},"sourceConnectionId":"@3C95yaYL8AqjMNdTE3NG07","sourceObject":"DUMMY_src_REF_JOB_RUN_LOG","newFlatFile":false,"newObject":false,"showBusinessNames":false,"naturalOrder":true,"truncateTarget":false,"bulkApiDBTarget":false,"customFuncCfg":{"@type":"customFuncConfig","id":-1,"connections":[],"inputMap":[],"outputFields":[]},"tgtFieldRefs":{},"targetUpdateColumns":[],"runtimeAttrs":{},"isRESTModernSource":true,"customQuery":"Select 1 LOAD_ORDER, '[Global]' as Parameter_File \nUNION \nselect 3 LOAD_ORDER, '$$LAST_EXTRACT_DATE='||TO_CHAR(LEAST(START_DATETIME,END_DATETIME),'YYYY-MM-DD HH24:MI:SS') as Paramaeter_File \nfrom $$METADATA_Schema_Name.REF_JOB_RUN_LOG where JOB_NAME='$$JOB_NAME' AND TABLE_NAME='$$TABLE_NAME' and Program_Type='Informatica' \nUNION \nSELECT 2 LOAD_ORDER, PARAMETER_NAME || '=' || PARAMETER_VALUE as PARAMETER_FILE \nFROM $$METADATA_Schema_Name.W_ETL_MAP_PARAMS WHERE ( (TASK_NAME = '$$JOB_NAME' AND FOLDER_NAME='$$FOLDER_NAME') OR FOLDER_NAME = 'Global' ) \nUNION \nSelect 4 LOAD_ORDER, '$$Task_Name=$$JOB_NAME' as PARAMETER_FILE;","isFileList":false,"handleSpecialChars":false,"frsAsset":false,"dynamicFileName":false,"currentlyProcessedFileName":false,"tgtObjectAttributes":{},"runtimeParameterData":{"@type":"mtTaskRuntimeParameterData","isConnectionRuntimeParameter":false,"isObjectRuntimeParameter":false},"overriddenFields":[]},{"@type":"mtTaskParameter","id":130504666,"name":"$tgt_FF_ParamFile$","type":"TARGET","label":"FFConnection_Agent_ParamFiles","description":"","uiProperties":{"cnxtype":"Flat File","connectionParameterized":"true","logcnx":"FFConnection_Agent_ParamFiles","objlabel":"TGT_Param_File_Name","objectParameterized":"true","objDesc":"","defaultTargetUpdateColumns":""},"targetConnectionId":"@1DesY4gjOWHhT4J19IOGG6","targetObject":"mt_DiDP_ItemXrefDimenstion_Extract.txt","targetObjectLabel":"mt_DiDP_ItemXrefDimenstion_Extract.txt","newFlatFile":false,"newObject":true,"showBusinessNames":true,"naturalOrder":true,"newObjectName":"mt_DiDP_ItemXrefDimenstion_Extract.txt","truncateTarget":false,"bulkApiDBTarget":false,"operationType":"Insert","tgtFFAttrs":{"@type":"flatFileAttrs","id":23062627,"delimiter":",","textQualifier":"none","escapeChar":"","headerLineNo":1},"customFuncCfg":{"@type":"customFuncConfig","id":-1,"connections":[],"inputMap":[],"outputFields":[]},"tgtFieldRefs":{},"targetUpdateColumns":[],"extendedObject":{"@type":"extendedObject","filters":[],"sortFields":[]},"runtimeAttrs":{},"isRESTModernSource":true,"isFileList":false,"handleSpecialChars":false,"frsAsset":false,"dynamicFileName":false,"currentlyProcessedFileName":false,"tgtObjectAttributes":{},"runtimeParameterData":{"@type":"mtTaskRuntimeParameterData","isConnectionRuntimeParameter":true,"isObjectRuntimeParameter":false,"connectionParameterName":"FFConnection_Agent_ParamFiles","objectParameterName":"TGT_Param_File_Name"},"overriddenFields":[]}],"sequences":[],"inOutParameters":[{"@type":"mtTaskInOutParameter","id":"-1","name":"JOB_NAME","description":"JOB_NAME","initialValue":"","datatype":"STRING","precision":"100","scale":"0","retentionPolicy":"NEVER","aggregationType":"MAX","currentValue":"mt_DiDP_ItemXrefDimension_Extract"},{"@type":"mtTaskInOutParameter","id":"-1","name":"FOLDER_NAME","description":"","initialValue":"","datatype":"STRING","precision":"100","scale":"0","retentionPolicy":"NEVER","aggregationType":"MAX","currentValue":"Common_Dimensions"},{"@type":"mtTaskInOutParameter","id":"-1","name":"TABLE_NAME","description":"","initialValue":"","datatype":"STRING","precision":"100","scale":"0","retentionPolicy":"NEVER","aggregationType":"MAX","currentValue":"W_ITEM_XREF_DS"},{"@type":"mtTaskInOutParameter","id":"-1","name":"SF_Database","description":"This connection holds Snowflake database name either Dev ortest or prod","initialValue":"ENT_APPS_DEV","datatype":"STRING","precision":"100","scale":"0","retentionPolicy":"NEVER","aggregationType":"MAX","currentValue":""},{"@type":"mtTaskInOutParameter","id":"-1","name":"METADATA_Schema_Name","description":"","initialValue":"METADATA","datatype":"STRING","precision":"100","scale":"0","retentionPolicy":"NEVER","aggregationType":"MAX","currentValue":"METADATA"}],"connRuntimeAttrs":[]}]