[{"@type":"mappingTemplate","id":"@1","name":"Mapping_testWayPoints","description":"","bundleVersion":"0","templateId":"@3","deployTime":1563565864000,"hasParameters":false,"valid":true,"fixedConnection":true,"hasParametersDeployed":false,"fixedConnectionDeployed":true,"tasks":0,"mappingPreviewFileRecordId":"@2","references":[{"@type":"reference","refObjectId":"@iMlCcnJGH4hlv9C8oalEm5","refType":"connection"},{"@type":"reference","refObjectId":"@4u6lv1xTOCKhmwRLKz3Q4E","refType":"structureDefinition"},{"@type":"reference","refObjectId":"@aWbk0R7tbqEb1sxzV7mFyk","refType":"connection"}]}]