[{"@type":"fileRecord","id":"@6","name":"response","type":"XSD","size":7055,"attachTime":1553191783000},{"@type":"fileRecord","id":"@5","name":"request","type":"XSD","size":8925,"attachTime":1553191783000},{"@type":"fileRecord","id":"@4","name":"metadata","type":"JSON","size":3531,"attachTime":1553191783000},{"@type":"fileRecord","id":"@3","name":"fault","type":"XSD","size":6403,"attachTime":1553191783000},{"@type":"fileRecord","id":"@2","name":"extension","type":"XML","size":24870,"attachTime":1553191783000}]