[{"@type":"mappingTemplate","id":"@1","name":"m_CHECK_TB_DIS_IICS_APIMON","description":"","bundleVersion":"0","templateId":"@4","deployTime":1585245772000,"hasParameters":false,"valid":true,"fixedConnection":true,"hasParametersDeployed":false,"fixedConnectionDeployed":true,"tasks":1,"mappingPreviewFileRecordId":"@2","documentType":"","references":[{"@type":"reference","refObjectId":"@3","refType":"businessOperation"},{"@type":"reference","refObjectId":"@aTx8dAxwS4CjwZcBBHI0em","refType":"connection"},{"@type":"reference","refObjectId":"@i2GCRfdZsOccNVRJdo0dsG","refType":"businessService"}]}]