[{"@type":"mappingTemplate","id":"@1","name":"MP_Insert_Oracle_bulkload","description":"","bundleVersion":"0","templateId":"@3","deployTime":1584023991000,"hasParameters":false,"valid":true,"fixedConnection":true,"hasParametersDeployed":false,"fixedConnectionDeployed":true,"tasks":1,"mappingPreviewFileRecordId":"@2","documentType":"","references":[{"@type":"reference","refObjectId":"@8TQjgmktdrzgoVuITy6t0t","refType":"connection"},{"@type":"reference","refObjectId":"@9NOUm7iJ2u9jSGUtdbr8GV","refType":"connection"}]}]