[{"@type":"mappingTemplate","id":"@1","name":"mp_User_stg_sp","description":"Proceso que consume un fichero json del tipo User, lo aplana y:\n1.- Lo comprime y lo sube a ec2\n2.- Crea las tablas de stage en Redshift","bundleVersion":"0","templateId":"@3","deployTime":1563567436000,"hasParameters":false,"valid":true,"fixedConnection":true,"hasParametersDeployed":false,"fixedConnectionDeployed":true,"tasks":1,"mappingPreviewFileRecordId":"@2","references":[{"@type":"reference","refObjectId":"@4ML3OZClbM5i2HFt1sRK0n","refType":"connection"},{"@type":"reference","refObjectId":"@iMlCcnJGH4hlv9C8oalEm5","refType":"connection"},{"@type":"reference","refObjectId":"@9ysh8vewY7ocI2nSmRMCIe","refType":"structureDefinition"},{"@type":"reference","refObjectId":"@eqVDSLk6NSIdBNUkdzz528","refType":"structureDefinition"},{"@type":"reference","refObjectId":"@02fVxWTf4i3g97HopiE9wR","refType":"structureDefinition"},{"@type":"reference","refObjectId":"@iRdSphBbLmTbvSBwO8FF8C","refType":"structureDefinition"},{"@type":"reference","refObjectId":"@e1d4xZA8sAIkkQZQXnkhis","refType":"connection"},{"@type":"reference","refObjectId":"@8MCbPiUWcgRhtPDgylhW65","refType":"structureDefinition"},{"@type":"reference","refObjectId":"@dcdFGH2bO0Pd3m33AvqFGV","refType":"structureDefinition"},{"@type":"reference","refObjectId":"@0kjHL35yBikgefbownhUOG","refType":"structureDefinition"},{"@type":"reference","refObjectId":"@9ae4Sv4qAkzj2U9w4RaEqE","refType":"structureDefinition"},{"@type":"reference","refObjectId":"@0g9hxxIG2Scge4r7pz1uGl","refType":"structureDefinition"}]}]